name 1,normalized amplitude in xy-plane,q1,q2
madx_000,3.71875,62.30499999999999,60.30499999999999
madx_001,4.09375,62.30499999999999,60.315
madx_002,3.375,62.30500000000001,60.324999999999996
madx_005,3.59375,62.315,60.324999999999996
madx_006,3.40625,62.324999999999996,60.305
madx_007,4.21875,62.324999999999996,60.315000000000005
madx_008,4.1875,62.324999999999996,60.324999999999996
